X,Y
0,-0.12773188999324372
0,-0.1998076118970074
0,-0.30771849817222885
0,-0.33532109300231955
0,-0.434389080235901
0,-0.4370363416296911
0,-0.46316629849694413
0,-0.5148356550444876
-0.12664023105555308,-0.4623688775091627
-0.1325575892906473,-0.5312279929343549
-0.1775408555824886,-0.5655355429076407
-0.24529582549397594,-0.5091249348144558
-0.22770517841596152,-0.5890152212913848
-0.20779050375553249,-0.5665870111094824
-0.2054490313660597,-0.6271318236012945
-0.18519417952170208,-0.6850162595462443
-0.19779109247400617,-0.7904094667196346
-0.22359731485802403,-0.8088118111774852
-0.2123880128539174,-0.7791254080108407
-0.25454449587815314,-0.797064241407068
-0.3018138558852449,-0.8048589466931876
-0.3112195191150665,-0.8793090705664132
-0.3452301630926668,-0.8276483796661891
-0.29522921003245195,-0.9339971366346544
-0.29320287561465275,-0.8211908765682175
-0.2758159584504652,-0.8253170188512788
-0.29787415386611776,-0.7806194738528729
-0.31147404751443303,-0.7377177023880941
-0.400336335309585,-0.7269577671179719
-0.4155367558004742,-0.729273960610877
-0.4429829177328185,-0.6885158096060465
-0.4803838345898702,-0.6474244108143287
-0.511088011498293,-0.6750442511237028
-0.5045829057066104,-0.7001368166262287
-0.5120303579834167,-0.6648972982930562
-0.5453762752258555,-0.7205154331682703
-0.573429323862899,-0.7768342190273099
-0.5089557223848519,-0.7602659919213234
-0.4685016342465336,-0.6696156869993694
-0.5269493691108613,-0.6581733906961591
-0.5307501923598549,-0.6188023341234533
-0.5203430557654155,-0.6956221289845219
-0.537501298383948,-0.7128131510438956
-0.5048933985097809,-0.7598939074446477
-0.5089275801894304,-0.7295006858546493
-0.46167059833755497,-0.7167978394501779
-0.45805608140681137,-0.7592305937678631
-0.4317501254903285,-0.7471849826264623
-0.4478584728766193,-0.6998789480851316
-0.42953458279141155,-0.7226187885155213
-0.4147258546879752,-0.6676401018003459
-0.460351032414442,-0.6877358383088621
-0.47468322165241794,-0.8974669373745046
-0.4666977867916619,-0.8446104328548558
-0.44327990284637947,-0.9088728147282243
-0.4665994010419841,-0.8379431300795231
-0.48075911574347024,-0.7973015452351778
-0.4661085374698679,-0.8014057072362337
-0.43427903733677,-0.7797509938185148
-0.42139481588462796,-0.8416982950417369
-0.4193316317581317,-0.8440109146791801
-0.4108087777766411,-0.7834108990127413
-0.4394329079048028,-0.8650501782123847
-0.4327720274929604,-0.8464489660134552
-0.4281958280630276,-0.8242820444212215
-0.4028376675469371,-0.8559182883030951
-0.3942705668423761,-1.0
-0.3880369259602641,-0.9911858111070191
-0.40272452298763434,-0.9291586812813462
-0.43609381260488733,-0.8501285162151786
-0.4600543820807123,-0.8612321431231718
-0.47638850963324514,-0.8518772163285043
-0.5518485985631714,-0.8566037881372546
-0.5907676479410565,-0.9127778420251655
-0.55057899062806,-0.9042593170199256
-0.5490262070959296,-0.8653339551721007
-0.5240265391123381,-0.9697691658498886
-0.5604557541244254,-0.9645450985386209
-0.5162886800098373,-0.9703811622893803
-0.5318514574614422,-0.8185747333582218
-0.4897684670186377,-0.7899899751741295
-0.490791024167439,-0.7692464524502977
-0.5003169880862596,-0.7504634546012301
-0.5204097001783082,-0.7892232927897493
-0.531524176630391,-0.8293676216237957
-0.5184705348067474,-0.9172207445677607
-0.49657529041800574,-1.0
-0.48724111366245015,-1.0
-0.48127469073100415,-0.9472727473218256
-0.455304605976886,-0.8404018962969182
-0.4587643455481566,-0.8280452362059565
-0.45643616693912864,-0.8115571399224715
-0.4687319091133366,-0.8349050620598056
-0.4714103342576378,-0.8362462134265944
-0.492071057405558,-0.8469772597529724
-0.4857686265023593,-0.8294580945044547
-0.4908152714611495,-0.8202920694045167
-0.49614645281825176,-0.8499609625209629
-0.5018374014106749,-0.862507261981305
-0.5306351579393106,-0.8768257531977557
-0.55633007136575,-0.8697976784664812
-0.5453757230415367,-0.9394537486747514
-0.536972523264449,-0.9816427367689341
-0.5095792391379578,-0.9767993705466904
-0.4952508292569037,-0.9699289258706926
-0.500264223052866,-0.9660386072761535
-0.49189009407825046,-0.9829044475646308
-0.48916057696712556,-0.992459618960897
-0.484672275847636,-0.8965977612748087
-0.476315166273827,-0.869112031026443
-0.48327932191304424,-0.8968438177335647
-0.4823627780334856,-0.9453570369535398
-0.4936544114647533,-0.9549309159319441
-0.4868714734262224,-0.958456922902866
-0.5056886429152583,-0.8973360950027525
-0.5315338752794136,-0.8804848813349773
-0.5644007564181861,-0.9256148699422768
-0.6046097408546306,-0.9524253379487424
-0.6097939809997996,-0.8779447038733693
-0.5944509111656373,-0.8810167561250865
-0.5668847909449702,-0.8856286170861848
-0.5378894049142637,-0.92204727446569
-0.5007130829113918,-0.9549896519734971
-0.5447546057388601,-0.9915751567795831
-0.5687890056174733,-1.0
-0.5502131666918589,-0.9775839033025291
-0.5453039916315084,-1.0
-0.5376157694223364,-1.0
-0.5356355636813815,-1.0
-0.5358507839242507,-1.0
-0.5330692956005243,-0.9514748595095885
-0.5163820127813951,-0.9206069623209215
-0.5230018154505249,-0.9153722948540104
-0.5428569045873587,-0.9373367417358005
-0.5666166665441709,-0.9674653238003069
-0.6100358183562917,-0.9467288376185733
-0.6297822090017978,-0.9618959278964041
-0.6029959101136234,-1.0
-0.5950482575670559,-1.0
-0.6144116120679243,-1.0
-0.643716495903536,-0.9837356058979576
-0.6245715179851654,-0.9678367682439202
-0.6133841330601976,-0.9183983254875027
-0.6034184468916023,-0.8958921560157964
-0.5953929129688982,-0.8465860713005842
-0.5773498907545533,-0.8231707133559534
-0.5845172399437677,-0.7609977659240441
-0.606190890422607,-0.6706252042926596
-0.5963391977441064,-0.7492945553032517
-0.5715633359303741,-0.8411892903081106
-0.5644312569685976,-0.8532374981974272
-0.5737918316160685,-0.8488857836668211
-0.5735983623567414,-0.8423953950626804
-0.5641124134876113,-0.8718369289063641
-0.5594162331753438,-0.8604884941167346
-0.5897709713067445,-0.8431273523475407
-0.6116148908310002,-0.7514825914446057
-0.6296095198942219,-0.8018187201856204
-0.6236409435883732,-0.8031304201967316
-0.6214690978958444,-0.7923955332490573
-0.6216581747279606,-0.7901491307437255
-0.6259139906669777,-0.8661922084874603
-0.615438776529844,-0.9073039455777708
-0.6066334733547037,-0.9378038264715933
-0.5810027198684237,-0.9780925121367768
-0.5715481120133443,-0.9094234725983666
-0.571140397801404,-0.9843643906666697
-0.5829195481126828,-1.0
-0.5976483372270636,-1.0
-0.6008906719411368,-1.0
-0.5927704444628016,-1.0
-0.5942329404668194,-1.0
-0.6153489700947977,-1.0
-0.6278617044299435,-1.0
-0.5992570865692363,-1.0
-0.633974969825412,-1.0
-0.6001205768030686,-1.0
-0.5699534545739168,-1.0
-0.5694094388572828,-1.0
-0.5639295258441201,-0.9904021049546405
-0.5348478090336019,-0.994690922464414
-0.49973429236322336,-1.0
-0.5269332836709186,-1.0
-0.5350073063107404,-1.0
-0.5507094693947319,-1.0
-0.5409361408627795,-1.0
-0.5314385499024921,-1.0
-0.5360653513786897,-1.0
-0.4675612821900286,-1.0
-0.46076814512801484,-0.8998333695577615
-0.45770845834039076,-0.9701337501815905
-0.4501365092939418,-0.9552081604706824
-0.44268685302587873,-0.8827254992907514
-0.42918306155451924,-0.7922209890447108
-0.4566376508294931,-0.8384355745153809
-0.4116747967312254,-0.9444062015291548
-0.37488287296932543,-1.0
-0.34524797674574803,-1.0
-0.3877104237245644,-1.0
-0.41814151319777015,-1.0
-0.44704175336869184,-1.0
-0.5055136203324628,-0.9731517311543703
-0.5525400880333106,-0.934982312419778
-0.5737515184327977,-0.8774619839599257
-0.5783468764290509,-0.799407627926646
-0.5896975760320686,-0.73851410317941
-0.5894675220242154,-0.6584892187111994
-0.5825490583198466,-0.5753237191036544
-0.5901144734097006,-0.5387955660580569
-0.5985828591507975,-0.5093204084991346
-0.5986889406341798,-0.4913562821273719
-0.5542215015181882,-0.464465598824609
-0.5469108269405145,-0.43473941980749753
-0.5348255225130268,-0.38477095169457504
-0.541084520439386,-0.3841575169469062
-0.5115390242750762,-0.4144146642732102
-0.5505312904752477,-0.41762114287226926
-0.5796933387932028,-0.4460648280840764
-0.5637223429267407,-0.4654607996637402
-0.5668817091568717,-0.4714870924066351
-0.5405595980589429,-0.4896352543303885
-0.5528090400900056,-0.5048798007581079
-0.5609586847989129,-0.5175975022003134
-0.5811696788613429,-0.5340288414980079
-0.5831539969210188,-0.6359615529977155
-0.6027283076722508,-0.633391739005826
-0.5619070420339752,-0.6233681803482707
-0.5720148672898361,-0.6203547396066396
-0.5456982822190889,-0.592999373055081
-0.5562202243564912,-0.5886859105193804
-0.547463374140411,-0.5595966463263112
-0.5504806427182807,-0.5527501540700678
-0.5098099969914272,-0.4752343110099941
-0.5051444598572556,-0.481467381621662
-0.5163297658619754,-0.44456715407788017
-0.4593475529275397,-0.3954898660022542
-0.46231801829607516,-0.4054974820547633
-0.4445175260551919,-0.4167688416140552
-0.5251232097045803,-0.4721703583556314
-0.6146894840380184,-0.5304630899340355
-0.6151018754361303,-0.5386117117500635
-0.5958480939218966,-0.5969606456566123
-0.6287551215021564,-0.6282797493571445
-0.6296767645063616,-0.5958995871929623
-0.6559545328774289,-0.6024241310470845
-0.6737056105434356,-0.629862242827175
-0.6687367829494346,-0.6458698493951021
-0.6106099897075491,-0.6512277638216626
-0.6592746113742002,-0.6541080738193248
-0.6043046701170361,-0.6589657239301377
-0.6117392727846367,-0.6917387471242378
-0.6109866726824992,-0.6856178956409962
-0.6338148580910431,-0.7116303178341566
-0.584629868099584,-0.6893672290282078
-0.49793304837988567,-0.6368595703698615
-0.42289153899791826,-0.5247847725845035
-0.5389918305572041,-0.6120116752797258
-0.5493479383095523,-0.5937755751846042
-0.6314739619926502,-0.6527221577389276
-0.7287261538931059,-0.7285548705730245
-0.737685330303766,-0.745872438885498
-0.7716485327179857,-0.8457849440451417
-0.8028711435591113,-0.9600809616920145
-0.8250588282121885,-1.0
-0.8743831502191087,-1.0
-0.8990749666781337,-1.0
-0.9197442921215109,-1.0
-0.8828390244861278,-1.0
-0.9545634551011616,-0.8250985508775817
-0.8706211481769458,-0.7425446507481009
-0.8247638068730917,-0.7224743577412744
-0.8115191294311216,-0.5876129973947556
-0.8395447672601891,-0.4625835296345029
-0.8566325856692394,-0.44463714750188366
-0.8484291491797005,-0.44953076600037134
-0.8834291048711006,-0.49687067161869664
-0.9083153672797265,-0.5004594021077982
-0.9450048082620996,-0.5184164569514501
-0.9859394336597826,-0.5096422312157269
-0.9932977680571444,-0.5040890575223022
-1.0,-0.49401045791984044
-1.0,-0.46105364299878043
-1.0,-0.4285907600993653
-1.0,-0.40974014993275315
-1.0,-0.42147091483724625
-1.0,-0.44970698312770013
-1.0,-0.510542064087641
-1.0,-0.5581338096813919
-1.0,-0.5955131116019095
-1.0,-0.6158699604249327
-1.0,-0.6211418159501557
-1.0,-0.6146608734380876
-1.0,-0.6421804012528729
-1.0,-0.6510376907909536
-1.0,-0.6311270731673687
-1.0,-0.6194128898146606
-1.0,-0.6164539364364903
-1.0,-0.6283332932357364
-1.0,-0.6182134965179994
-1.0,-0.6428860607664129
-1.0,-0.6648829427074879
-1.0,-0.6814637717889946
-1.0,-0.6953326207648319
-1.0,-0.7133901587760537
-1.0,-0.7628797190956735
-1.0,-0.7698765737529017
-1.0,-0.8349789393261318
-1.0,-0.8806261120803234
-1.0,-0.7689513636858589
-1.0,-0.8240194042424954
-1.0,-0.8766843750315643
-1.0,-0.9038663303261409
-1.0,-1.0
-1.0,-0.9885422235951575
-1.0,-0.9572421993724296
-1.0,-0.9151397659192586
-1.0,-0.9115355079654178
-1.0,-0.9699766768427096
-1.0,-0.9428671249820548
-1.0,-0.8594519024759718
-1.0,-0.8589925467073528
-1.0,-1.0
-1.0,-0.9923604253560832
-1.0,-1.0
-1.0,-1.0
-1.0,-1.0
-1.0,-1.0
-1.0,-0.9620067544872238
-1.0,-1.0
-1.0,-1.0
-1.0,-1.0
-1.0,-1.0
-1.0,-1.0
-1.0,-1.0
-1.0,-1.0
-1.0,-0.9283720897871222
-1.0,-0.994117343063178
-1.0,-0.9774904923698913
-1.0,-0.975963535536724
-1.0,-0.9839781061813013
-1.0,-0.9726639472878735
-1.0,-0.923420861829637
-1.0,-0.8620302467797869
-1.0,-0.7912880404197962
-1.0,-0.8011992127025015
-1.0,-0.7707596709186463
-1.0,-0.7660998380230489
-1.0,-0.726512049497713
-1.0,-0.7159767394148706
-1.0,-0.7896696806784059
-1.0,-0.8550255192720193
-1.0,-0.8655613501691413
-1.0,-0.9107694164286939
-1.0,-0.9449024650787662
-1.0,-0.9663363010703606
-1.0,-0.9355172327924213
-1.0,-0.9691158516729368
-1.0,-0.9441311659498209
-1.0,-0.8830732168414814
-1.0,-0.8733118008244133
-1.0,-0.8653019803649344
-1.0,-0.8298459877067466
-1.0,-0.8221780139027057
-1.0,-0.8792710281935374
-1.0,-0.9430764035039201
-1.0,-0.9665053860167327
-1.0,-0.9455187320553655
-1.0,-0.9783444879904069
-1.0,-0.8747806574931671
-1.0,-0.8216383188787446
-1.0,-0.8509570424001167
-1.0,-0.9441822454584159
-1.0,-0.9967038904557503
-1.0,-1.0
-1.0,-1.0
-1.0,-1.0
-1.0,-1.0
-1.0,-1.0
-1.0,-1.0
-1.0,-1.0
-1.0,-1.0
-1.0,-1.0
-1.0,-1.0
-1.0,-1.0
-1.0,-1.0
-1.0,-1.0
-1.0,-0.9837308884009495
-1.0,-0.9371942863115041
-1.0,-0.8584391536305096
-1.0,-0.8428484565214067
-1.0,-0.8019327697557359
-1.0,-0.7730432067448922
-1.0,-0.7728944495932731
-1.0,-0.8565019374718711
-1.0,-0.9443967637684587
-1.0,-1.0
-1.0,-1.0
-1.0,-1.0
-1.0,-1.0
-1.0,-1.0
-1.0,-1.0
-1.0,-1.0
-1.0,-1.0
-1.0,-1.0
-1.0,-1.0
-1.0,-1.0
-1.0,-1.0
-1.0,-1.0
-1.0,-1.0
-1.0,-1.0
-1.0,-0.9759890228050137
-1.0,-0.9400810066678524
-1.0,-0.9398235591758917
-1.0,-0.9357490930526382
-1.0,-0.9803625205095898
-1.0,-1.0
-1.0,-1.0
-1.0,-1.0
-1.0,-1.0
-1.0,-0.9870195497576194
-1.0,-0.9331054632654204
-1.0,-0.9856365246424417
-1.0,-1.0
-1.0,-1.0
-1.0,-1.0
-1.0,-1.0
-1.0,-0.9842080521798335
-1.0,-1.0
-1.0,-1.0
-1.0,-1.0
-1.0,-1.0
-1.0,-1.0
-1.0,-0.9394286251166774
-1.0,-0.8997406395859358
-1.0,-0.9182233191452518
-1.0,-1.0
-1.0,-1.0
-1.0,-1.0
-1.0,-1.0
-1.0,-1.0
-1.0,-1.0
-1.0,-1.0
-1.0,-1.0
-1.0,-1.0
-1.0,-0.9985551727266619
-1.0,-0.9515336847047904
-1.0,-0.9526822304249268
-1.0,-0.9710295446782368
-1.0,-1.0
-1.0,-0.4168055632882748
-1.0,-0.41748132077903083
-1.0,-0.44309269390920514
-1.0,-0.49772532436570094
-1.0,-0.5890230716457
-1.0,-0.6334480084773264
-1.0,-0.6068689260559172
-1.0,-0.6229370384135319
-1.0,-0.694922156693681
-1.0,-0.7701934250174973
-1.0,-0.8191249562124969
-1.0,-0.8132533932431119
-1.0,-0.9016352147243196
-1.0,-0.8482397179575634
-1.0,-0.911148657061647
-1.0,-0.8930886041461119
-1.0,-0.8831524442733198
-1.0,-0.8815182806885669
-1.0,-0.9063501718417032
-1.0,-0.9482577442165202
-1.0,-0.9165592163120304
-1.0,-0.8303553729464773
-1.0,-0.7614474256388012
-1.0,-0.7791693042687964
-1.0,-0.7757848873010738
-1.0,-0.8086509731262308
-1.0,-0.7650512610283445
-1.0,-0.7259730898237298
-1.0,-0.7078871209259666
-1.0,-0.5752002917073035
-1.0,-0.6096776984946907
-1.0,-0.6441627659093517
-1.0,-0.6129868965490938
-1.0,-0.621677021783771
-1.0,-0.6739713123906828
-1.0,-0.6984848242314683
-1.0,-0.6580088997321046
-1.0,-0.6920497993436542
-1.0,-0.6886067931640929
-1.0,-0.6794952319865447
-1.0,-0.7006332688387188
-1.0,-0.6757316860386221
-0.9942671590855121,-0.6715212758837363
-0.8439292450953181,-0.6390231740744473
-0.7320753594526356,-0.7131187787252984
-0.6511235436562608,-0.73339879963671
-0.570271932122071,-0.7201945975654743
-0.49836121427026425,-0.7145557394728942
-0.3929711789639264,-0.7293956814958025
-0.34275036839049783,-0.7700838881489054
-0.2307799193360293,-0.7622674781403388
0,-0.768858148507286
0,-0.7285710083976268
0,-0.7130601189564624
0,-0.7309407575968043
0,-0.8113680411502529
0,-0.82270736380356
0,-0.8099516222298611
0,-0.882645986216628
0,-0.873895455025439
0,-0.8530452757165861
0,-0.9267751509128932
0,-0.9559063446829927
0,-0.9382338289930175
0,-0.9108360259745103
0,-0.8501241196682967
0,-0.8501633620186432
0,-0.7969449214465999
0,-0.7949576219630476
0,-0.7682227521070127
0,-0.7534056276441434
0,-0.7372841136866899
0,-0.6980476879700915
0,-0.7034185649345385
0,-0.7043252948456258
0,-0.6928211653425931
0,-0.6610022463010831
0,-0.6545034532669617
0,-0.6135583218694936
0,-0.6502611220514494
0,-0.6442053817760827
0,-0.6081016550642488
0,-0.6230259809832468
0,-0.6152822917472843
0,-0.5886250624297936
0,-0.6099216086549863
0,-0.6320193478097477
0,-0.6084709065240604
0,-0.5871544517029249
0,-0.5638325484465239
0,-0.5425982594998683
0,-0.5594703885912744
0,-0.615683752369924
0,-0.5992160976801151
0,-0.5735390670263697
0,-0.5585439613380384
0,-0.5742168399652146
0,-0.6015078974096814
0,-0.6017978227910616
0,-0.6078944872698109
0,-0.5996134510401957
0,-0.617091147340653
0,-0.5902959526021759
0,-0.6236289290237942
0,-0.637186708366371
0,-0.6206168403795538
0,-0.6536091309965344
0,-0.6871991098997566
0,-0.6803682801927121
0,-0.6625649385355497
0,-0.665541283589415
0,-0.6855610720586738
0,-0.7095515112563953
-0.12431667231597254,-0.7741167060137603
-0.30697140418643926,-0.7968566598582929
-0.411931669114849,-0.7634402424896186
-0.476535671886116,-0.7958015010510617
-0.5309662741159158,-0.8151505675075303
-0.574604378440076,-0.8542094179801497
-0.6092551298998523,-0.8732134796009908
-0.612208938096193,-0.8894975710379185
-0.6022428943985063,-0.9463268207214407
-0.6129834420427993,-0.9298575203822808
-0.6431882964476521,-0.9328709020904442
-0.6304343400514227,-0.9566170206608791
-0.6123979313960377,-1.0
-0.6380396561559221,-1.0
-0.6580312123625551,-1.0
-0.6825154215936488,-1.0
-0.7147789026344152,-1.0
-0.7420271969272211,-1.0
-0.7810505742574001,-1.0
-0.7491201914828474,-1.0
-0.7538189209721722,-1.0
-0.8001330234367706,-1.0
-0.8124824821086007,-1.0
-0.8187153633477037,-1.0
-0.8192460523692393,-1.0
-0.7998651048516366,-1.0
-0.7681846610479958,-1.0
-0.7523218372583627,-1.0
-0.7500021635263554,-1.0
-0.7759826912639879,-1.0
-0.7650563592574103,-0.981041234955977
-0.8150301935953912,-1.0
-0.8466264277149087,-1.0
-0.8503322872998351,-1.0
-0.8236145594057263,-1.0
-0.8138162032776965,-1.0
-0.8614779768996697,-1.0
-0.9098825187490238,-1.0
-0.7746206455344299,-1.0
-0.642541409471534,-1.0
-0.29023254081274263,-1.0
0,-0.9586306548670513
0.2084047631801217,-0.8089982957568452
0.32912491145142814,-0.69617087929733
0.44714361968748784,-0.5421487945090148
0.5091087339802014,-0.4615716334076838
0.537469190837267,-0.40998993515691595
0.6361669784321359,-0.3606459842557457
0.6439096178706636,-0.34056842206903304
0.6274960775565217,-0.33238156908932404
0.6333492862293693,-0.3446139066898764
0.6429870217169458,-0.3277920683686587
0.6398946241120471,-0.29563585449686547
0.6431919109938682,-0.2577704579820996
0.5794156973550256,-0.2631465408332551
0.5298379780907291,-0.2653253362000697
0.5456831871862904,-0.25917821196369917
0.5680782234406565,-0.2539182033942853
0.545493847936828,-0.25137900435660776
0.5311133619569754,-0.24907861291813363
0.5294095843354497,-0.220396865483015
0.5313668967347375,-0.237143322171594
0.5215232865816644,-0.24615506870138143
0.48021315810119347,-0.23218232619321896
0.47362651469663597,-0.2131152117253339
0.3484874911702174,-0.3603842103439856
0.2471985077174586,-0.4383691327411793
0,-0.5202808250897318
-0.17062417954228482,-0.5296883901472735
-0.24524918940615165,-0.7073845078487755
-0.19914352304939897,-0.7134590397956683
-0.23268150912633695,-0.7388121317126135
-0.21673042505768386,-0.6382343908479171
-0.21453519995920087,-0.5534885843872503
-0.19664948093779405,-0.5040652657307461
-0.1980952510448978,-0.47601760174761587
-0.19286536191341813,-0.46104340598341714
-0.17182443127130173,-0.46033551179509036
-0.13500548609130952,-0.4331560801688195
0,-0.391503570535422
0,-0.31048905139893435
0,-0.2673344487141762
0,-0.22551363123835036
0,-0.20110345320272155
0,-0.18055014994606094
0,-0.16326396074940017
0,-0.1239634880401575
0,-0.13736809147026763
0,0
0,0
0,0
0,0
0.12238352014543281,0
0.23481065873252482,0
